{
  "project_info": {
    "project_number": "1097887515422",
    "project_id": "fallwinter2024-15773",
    "storage_bucket": "fallwinter2024-15773.appspot.com"
  },
  "client": [
    {
      "client_info": {
        "mobilesdk_app_id": "1:1097887515422:android:0c408b161ea3deafba3f0f",
        "android_client_info": {
          "package_name": "com.jk.share"
        }
      },
      "oauth_client": [],
      "api_key": [
        {
          "current_key": "AIzaSyA-xZjNOkt9H_H5S3DJfMxra96cjt8c0iY"
        }
      ],
      "services": {
        "appinvite_service": {
          "other_platform_oauth_client": []
        }
      }
    }
  ],
  "configuration_version": "1"
}